s,C,m/s,C,m/s,C,m/s,C,m/s,C,m/s,C,m/s,C,m/s,C,m/s,C,m/s,C,m/s,C,m/s,C,m/s,C,m/s,C,m/s,C,m/s,C,m/s,C,m/s
Time,"T-1","V-1","T-2","V-2","T-3","V-3","T-4","V-4","T-5","V-5","T-6","V-6","T-7","V-7","T-8","V-8","T-9","V-9","T-10","V-10","T-11","V-11","T-12","V-12","T-13","V-13","T-14","V-14","T-15","V-15","T-16","V-16","T-17","V-17"
 0.0000000E+000, 2.0000000E+001, 3.7817402E-003, 2.0000000E+001, 9.4756340E-003, 2.0000000E+001, 4.0569399E-003, 2.0000000E+001, 3.8948375E-004, 2.0000000E+001, 6.1498287E-003, 2.0000000E+001, 6.2855519E-003, 2.0000000E+001, 4.1345172E-003, 2.0000000E+001, 9.5213566E-003, 2.0000000E+001, 8.1862431E-003, 2.0000000E+001, 4.5107108E-003, 2.0000000E+001, 1.0303454E-002, 2.0000000E+001, 8.1185274E-003, 2.0000000E+001, 8.6018875E-003, 2.0000000E+001, 6.8971762E-003, 2.0000000E+001, 3.8847160E-003, 2.0000000E+001, 5.8820645E-003, 2.0000000E+001, 1.0300962E-002
 1.3455252E+000, 3.0050752E+002, 2.3512306E-001, 2.4195155E+002, 5.6744876E-001, 1.8273535E+002, 7.0352434E-001, 1.3437342E+002, 7.2946887E-001, 1.0015133E+002, 7.0285117E-001, 7.7814664E+001, 6.4887562E-001, 6.4052398E+001, 5.8836470E-001, 5.4446229E+001, 5.2157259E-001, 4.6991892E+001, 4.3647113E-001, 4.0355460E+001, 3.5253602E-001, 3.5009304E+001, 2.8814549E-001, 2.8104658E+001, 2.1095998E-001, 2.4577991E+001, 1.2243451E-001, 2.0745385E+001, 6.3492360E-002, 2.0113016E+001, 3.2026140E-002, 2.0094429E+001, 2.3234641E-002, 2.0093647E+001, 2.2751961E-002
 2.6699930E+000, 6.5786166E+002, 5.4626357E-001, 6.6315981E+002, 1.4413883E+000, 6.4844399E+002, 2.0387850E+000, 6.1151668E+002, 2.4626120E+000, 5.6164565E+002, 2.7721630E+000, 5.0990067E+002, 2.9989044E+000, 4.5975213E+002, 3.1636785E+000, 4.1390109E+002, 3.2924113E+000, 3.7306567E+002, 3.3999598E+000, 3.3743051E+002, 3.4783212E+000, 3.0791689E+002, 3.5278091E+000, 2.8240397E+002, 3.5680059E+000, 2.6064115E+002, 3.5988211E+000, 2.3812007E+002, 3.5940932E+000, 2.1824321E+002, 3.5480754E+000, 1.9678613E+002, 3.4719566E+000, 1.8039197E+002, 3.3795792E+000
 4.0018512E+000, 6.7472859E+002, 5.6977139E-001, 6.7633327E+002, 1.4812834E+000, 6.5668927E+002, 2.0804167E+000, 6.1384513E+002, 2.5006263E+000, 5.6356836E+002, 2.8079465E+000, 5.1733830E+002, 3.0375178E+000, 4.7495990E+002, 3.2143416E+000, 4.3622888E+002, 3.3557138E+000, 4.0141251E+002, 3.4674395E+000, 3.7038626E+002, 3.5546950E+000, 3.4178640E+002, 3.6262514E+000, 3.1734024E+002, 3.6873791E+000, 2.9340928E+002, 3.7344737E+000, 2.7155234E+002, 3.7667325E+000, 2.5033417E+002, 3.7908077E+000, 2.3070112E+002, 3.7973317E+000, 2.1316138E+002, 3.7793139E+000
 5.3339039E+000, 6.7847169E+002, 5.5314089E-001, 6.7257253E+002, 1.4415908E+000, 6.3971777E+002, 2.0466493E+000, 5.8928302E+002, 2.4626417E+000, 5.3799051E+002, 2.7556236E+000, 4.8945262E+002, 2.9719197E+000, 4.4461162E+002, 3.1351332E+000, 4.0455124E+002, 3.2548330E+000, 3.6800635E+002, 3.3421687E+000, 3.3391251E+002, 3.4061209E+000, 3.0453864E+002, 3.4482227E+000, 2.7787095E+002, 3.4732336E+000, 2.5327756E+002, 3.4869404E+000, 2.3089719E+002, 3.4855316E+000, 2.1029264E+002, 3.4678784E+000, 1.9252661E+002, 3.4429870E+000, 1.7822709E+002, 3.4044248E+000
 6.6708984E+000, 6.8776537E+002, 5.5032663E-001, 6.5757961E+002, 1.3956117E+000, 6.0769372E+002, 1.9401684E+000, 5.4966168E+002, 2.3096099E+000, 4.8981740E+002, 2.5705168E+000, 4.3195765E+002, 2.7557802E+000, 3.8187452E+002, 2.8816887E+000, 3.3928004E+002, 2.9698812E+000, 3.0320505E+002, 3.0363713E+000, 2.7276686E+002, 3.0779754E+000, 2.4738442E+002, 3.0894377E+000, 2.2582620E+002, 3.0805829E+000, 2.0615537E+002, 3.0583584E+000, 1.8748758E+002, 3.0184424E+000, 1.7080695E+002, 2.9608057E+000, 1.5581543E+002, 2.8939960E+000, 1.4261395E+002, 2.8330649E+000
 8.0022828E+000, 6.4648559E+002, 5.3883145E-001, 6.2329885E+002, 1.3882138E+000, 5.7983982E+002, 1.9641728E+000, 5.2284576E+002, 2.3487835E+000, 4.6152779E+002, 2.5909730E+000, 4.0215580E+002, 2.7319603E+000, 3.5046309E+002, 2.8101332E+000, 3.0707395E+002, 2.8462502E+000, 2.6908008E+002, 2.8506028E+000, 2.3819384E+002, 2.8337351E+000, 2.1145459E+002, 2.8110874E+000, 1.8989812E+002, 2.7811772E+000, 1.7258684E+002, 2.7473873E+000, 1.5892002E+002, 2.7159964E+000, 1.4667035E+002, 2.6916089E+000, 1.3504326E+002, 2.6747924E+000, 1.2507329E+002, 2.6486092E+000
 9.3442501E+000, 6.5291802E+002, 5.4760865E-001, 6.2486856E+002, 1.3569071E+000, 5.6940059E+002, 1.8862948E+000, 5.0967742E+002, 2.2386744E+000, 4.5386767E+002, 2.4851074E+000, 4.0476141E+002, 2.6675394E+000, 3.6194643E+002, 2.7951260E+000, 3.2525084E+002, 2.8847072E+000, 2.9048008E+002, 2.9546174E+000, 2.6304497E+002, 3.0030571E+000, 2.3671620E+002, 3.0222851E+000, 2.1460733E+002, 3.0115263E+000, 1.9209469E+002, 2.9664896E+000, 1.7330699E+002, 2.8929671E+000, 1.5352466E+002, 2.8112463E+000, 1.3827145E+002, 2.7114655E+000, 1.2427868E+002, 2.5924343E+000
 1.0671029E+001, 6.4860589E+002, 5.5522786E-001, 6.3054512E+002, 1.4043106E+000, 5.9087256E+002, 1.9631309E+000, 5.3696329E+002, 2.3385595E+000, 4.7882399E+002, 2.5808615E+000, 4.2153252E+002, 2.7350524E+000, 3.6827013E+002, 2.8430163E+000, 3.2293324E+002, 2.9029853E+000, 2.8449018E+002, 2.9213831E+000, 2.5121205E+002, 2.9311030E+000, 2.2246014E+002, 2.9176342E+000, 1.9580994E+002, 2.8649098E+000, 1.7327409E+002, 2.8012214E+000, 1.5665005E+002, 2.7472013E+000, 1.4455752E+002, 2.6894940E+000, 1.3264065E+002, 2.6253098E+000, 1.2208894E+002, 2.5664682E+000
 1.2008492E+001, 6.5438631E+002, 5.3000207E-001, 6.3171402E+002, 1.3576414E+000, 5.9070697E+002, 1.9246292E+000, 5.4016376E+002, 2.3227445E+000, 4.8799855E+002, 2.6106983E+000, 4.3808063E+002, 2.8170480E+000, 3.9191083E+002, 2.9565267E+000, 3.4935677E+002, 3.0548220E+000, 3.1391164E+002, 3.1196261E+000, 2.8490989E+002, 3.1522109E+000, 2.6119183E+002, 3.1698165E+000, 2.3733306E+002, 3.1721377E+000, 2.1447290E+002, 3.1426651E+000, 1.9082917E+002, 3.0859914E+000, 1.7350910E+002, 3.0131693E+000, 1.5870930E+002, 2.9358639E+000, 1.4751737E+002, 2.8657081E+000
 1.3342130E+001, 6.6392910E+002, 5.4749476E-001, 6.4147461E+002, 1.3708437E+000, 5.9666932E+002, 1.9197461E+000, 5.3974802E+002, 2.2936373E+000, 4.8190941E+002, 2.5537958E+000, 4.2872521E+002, 2.7399359E+000, 3.8206034E+002, 2.8755214E+000, 3.4266849E+002, 2.9783893E+000, 3.0899359E+002, 3.0585882E+000, 2.7992064E+002, 3.1185937E+000, 2.5485986E+002, 3.1602358E+000, 2.3269226E+002, 3.1763060E+000, 2.1295071E+002, 3.1609240E+000, 1.9367666E+002, 3.1237859E+000, 1.7802921E+002, 3.0770384E+000, 1.6194677E+002, 3.0169767E+000, 1.5069137E+002, 2.9416217E+000
 1.4677194E+001, 6.4632608E+002, 5.6139841E-001, 6.3032231E+002, 1.4069162E+000, 5.9191462E+002, 1.9665779E+000, 5.3912076E+002, 2.3334322E+000, 4.7937140E+002, 2.5678915E+000, 4.1786070E+002, 2.7129374E+000, 3.6072287E+002, 2.7926107E+000, 3.0908117E+002, 2.8139794E+000, 2.6471759E+002, 2.7954045E+000, 2.3099649E+002, 2.7598969E+000, 2.0488499E+002, 2.7172074E+000, 1.8556773E+002, 2.6765713E+000, 1.6981544E+002, 2.6494337E+000, 1.5785592E+002, 2.6255391E+000, 1.4821695E+002, 2.5927352E+000, 1.4022730E+002, 2.5688628E+000, 1.3223957E+002, 2.5655160E+000
 1.6002774E+001, 6.5208057E+002, 5.4392507E-001, 6.3890103E+002, 1.3780829E+000, 6.0013237E+002, 1.9388589E+000, 5.4323688E+002, 2.3198821E+000, 4.8289211E+002, 2.5845726E+000, 4.2608350E+002, 2.7668698E+000, 3.7439121E+002, 2.8891299E+000, 3.2985368E+002, 2.9705389E+000, 2.9230860E+002, 3.0224254E+000, 2.6213520E+002, 3.0479478E+000, 2.3734615E+002, 3.0533423E+000, 2.1558592E+002, 3.0389266E+000, 1.9625878E+002, 3.0031322E+000, 1.7919403E+002, 2.9519673E+000, 1.6495915E+002, 2.8953748E+000, 1.5363209E+002, 2.8381324E+000, 1.4477786E+002, 2.7952308E+000
 1.7344579E+001, 6.8530489E+002, 5.4401835E-001, 6.6623197E+002, 1.4134702E+000, 6.2629033E+002, 1.9828896E+000, 5.7079095E+002, 2.3651730E+000, 5.1078718E+002, 2.6280988E+000, 4.5361122E+002, 2.8119310E+000, 4.0465341E+002, 2.9464584E+000, 3.6147145E+002, 3.0489269E+000, 3.2461542E+002, 3.1279192E+000, 2.9225092E+002, 3.1910223E+000, 2.6653233E+002, 3.2389750E+000, 2.4252132E+002, 3.2713072E+000, 2.2177621E+002, 3.2854191E+000, 2.0308892E+002, 3.2771578E+000, 1.8800940E+002, 3.2543027E+000, 1.7493227E+002, 3.2271735E+000, 1.6485161E+002, 3.1892978E+000
 1.8678271E+001, 6.6958595E+002, 5.3867584E-001, 6.5435340E+002, 1.3923060E+000, 6.1682665E+002, 1.9798384E+000, 5.6508330E+002, 2.3907311E+000, 5.0874222E+002, 2.6717760E+000, 4.5350031E+002, 2.8637273E+000, 4.0090865E+002, 2.9882459E+000, 3.5358339E+002, 3.0587427E+000, 3.1386161E+002, 3.0914597E+000, 2.8069999E+002, 3.1004112E+000, 2.5364569E+002, 3.0977016E+000, 2.2905413E+002, 3.0847713E+000, 2.0750484E+002, 3.0610201E+000, 1.8843154E+002, 3.0291180E+000, 1.7283217E+002, 2.9841326E+000, 1.5910882E+002, 2.9317611E+000, 1.4668754E+002, 2.8828364E+000
 2.0002954E+001, 6.7120160E+002, 5.4028968E-001, 6.4810451E+002, 1.3876339E+000, 5.9978395E+002, 1.9246157E+000, 5.3063520E+002, 2.2686805E+000, 4.5421818E+002, 2.4836326E+000, 3.8258017E+002, 2.6117278E+000, 3.2399956E+002, 2.6925307E+000, 2.7822469E+002, 2.7437584E+000, 2.4364333E+002, 2.7692471E+000, 2.1509777E+002, 2.7734700E+000, 1.9234008E+002, 2.7597758E+000, 1.7445509E+002, 2.7289089E+000, 1.6182209E+002, 2.6734262E+000, 1.4856810E+002, 2.6070259E+000, 1.3834047E+002, 2.5322898E+000, 1.2748309E+002, 2.4578315E+000, 1.2038046E+002, 2.3975423E+000
 2.1340999E+001, 6.6238740E+002, 5.2429329E-001, 6.3817524E+002, 1.3648741E+000, 5.9177035E+002, 1.9332181E+000, 5.3477111E+002, 2.3254194E+000, 4.7774126E+002, 2.5958837E+000, 4.2383943E+002, 2.7733816E+000, 3.7755031E+002, 2.8780735E+000, 3.3272551E+002, 2.9329625E+000, 2.9612316E+002, 2.9551723E+000, 2.6364208E+002, 2.9541122E+000, 2.3717599E+002, 2.9305947E+000, 2.1281276E+002, 2.8927017E+000, 1.9208188E+002, 2.8509129E+000, 1.7408624E+002, 2.7987136E+000, 1.5864136E+002, 2.7329201E+000, 1.4632364E+002, 2.6519080E+000, 1.3476036E+002, 2.5515817E+000
 2.2671755E+001, 6.7286302E+002, 5.4781274E-001, 6.4589793E+002, 1.3790469E+000, 6.0078912E+002, 1.9155843E+000, 5.4162435E+002, 2.2674764E+000, 4.7837980E+002, 2.5021548E+000, 4.1804964E+002, 2.6670479E+000, 3.6373741E+002, 2.7839818E+000, 3.1668768E+002, 2.8561390E+000, 2.7814071E+002, 2.8950277E+000, 2.4729209E+002, 2.9098310E+000, 2.2296521E+002, 2.9024050E+000, 2.0388649E+002, 2.8786687E+000, 1.8928527E+002, 2.8527064E+000, 1.7722100E+002, 2.8381173E+000, 1.6736296E+002, 2.8246430E+000, 1.5774278E+002, 2.8029675E+000, 1.5005574E+002, 2.7801876E+000
 2.4012263E+001, 6.5114812E+002, 5.6922612E-001, 6.3067493E+002, 1.3819868E+000, 5.9042939E+002, 1.9322112E+000, 5.3466630E+002, 2.3092684E+000, 4.7642155E+002, 2.5598189E+000, 4.1888176E+002, 2.7167400E+000, 3.6530668E+002, 2.8054346E+000, 3.1522715E+002, 2.8504171E+000, 2.7554844E+002, 2.8621727E+000, 2.4535258E+002, 2.8528984E+000, 2.2458540E+002, 2.8428411E+000, 2.0593398E+002, 2.8396527E+000, 1.9079968E+002, 2.8385513E+000, 1.7751140E+002, 2.8276644E+000, 1.6653289E+002, 2.8042476E+000, 1.5464924E+002, 2.7765759E+000, 1.4371166E+002, 2.7383338E+000
 2.5334340E+001, 6.5717489E+002, 5.4030720E-001, 6.3448241E+002, 1.3400503E+000, 5.8626222E+002, 1.8847907E+000, 5.2183904E+002, 2.2493261E+000, 4.5749099E+002, 2.4890253E+000, 3.9696286E+002, 2.6399494E+000, 3.4348527E+002, 2.7303739E+000, 3.0017031E+002, 2.7754685E+000, 2.6416891E+002, 2.7874671E+000, 2.3386724E+002, 2.7774569E+000, 2.0750388E+002, 2.7369306E+000, 1.8666069E+002, 2.6707320E+000, 1.6964147E+002, 2.5880418E+000, 1.5500889E+002, 2.4980646E+000, 1.4303935E+002, 2.3999626E+000, 1.3320623E+002, 2.3074005E+000, 1.2577939E+002, 2.2234842E+000
 2.6676091E+001, 5.8987272E+002, 5.9633186E-001, 5.6232877E+002, 1.2891508E+000, 5.1787620E+002, 1.7727437E+000, 4.7081899E+002, 2.0989650E+000, 4.2287592E+002, 2.3223652E+000, 3.7660474E+002, 2.4708879E+000, 3.3509509E+002, 2.5659776E+000, 3.0103592E+002, 2.6384982E+000, 2.7610391E+002, 2.6942262E+000, 2.5456339E+002, 2.7253910E+000, 2.3688709E+002, 2.7453713E+000, 2.1973176E+002, 2.7620499E+000, 2.0544419E+002, 2.7604913E+000, 1.9184175E+002, 2.7432145E+000, 1.8170870E+002, 2.7224854E+000, 1.7053432E+002, 2.6901327E+000, 1.6109053E+002, 2.6465077E+000
 2.8008024E+001, 5.7969959E+002, 5.6800066E-001, 5.6031095E+002, 1.2886784E+000, 5.1922343E+002, 1.7773473E+000, 4.6698476E+002, 2.0868808E+000, 4.0793552E+002, 2.2694010E+000, 3.4798851E+002, 2.3667028E+000, 2.9641377E+002, 2.3928378E+000, 2.5404751E+002, 2.3673081E+000, 2.2201771E+002, 2.3295597E+000, 1.9846472E+002, 2.3072127E+000, 1.8117044E+002, 2.3010813E+000, 1.6703029E+002, 2.2970045E+000, 1.5681539E+002, 2.2914904E+000, 1.4874314E+002, 2.2822388E+000, 1.4050697E+002, 2.2594505E+000, 1.3091961E+002, 2.2110179E+000, 1.2304563E+002, 2.1460682E+000
 2.9340635E+001, 6.0357306E+002, 5.3554218E-001, 5.8437045E+002, 1.3236705E+000, 5.3644450E+002, 1.8288647E+000, 4.7726250E+002, 2.1509216E+000, 4.1886304E+002, 2.3558278E+000, 3.6685646E+002, 2.4782581E+000, 3.2067581E+002, 2.5466385E+000, 2.8232954E+002, 2.5822131E+000, 2.5475545E+002, 2.6003466E+000, 2.3358440E+002, 2.6098638E+000, 2.1668293E+002, 2.5986438E+000, 2.0221379E+002, 2.5703846E+000, 1.8933952E+002, 2.5570983E+000, 1.7873740E+002, 2.5743203E+000, 1.6964893E+002, 2.6057443E+000, 1.6157608E+002, 2.6307943E+000, 1.5339858E+002, 2.6405489E+000
 3.0676275E+001, 6.3609596E+002, 5.5181558E-001, 6.2601613E+002, 1.3522673E+000, 5.9040330E+002, 1.8968803E+000, 5.4081030E+002, 2.2679127E+000, 4.8577536E+002, 2.5179710E+000, 4.3009828E+002, 2.6863379E+000, 3.8047396E+002, 2.7908308E+000, 3.3541620E+002, 2.8504852E+000, 2.9384025E+002, 2.8707640E+000, 2.5920983E+002, 2.8580264E+000, 2.3073007E+002, 2.8288096E+000, 2.0517127E+002, 2.7877511E+000, 1.8138517E+002, 2.7164537E+000, 1.6219615E+002, 2.5976732E+000, 1.4447403E+002, 2.4367518E+000, 1.3115200E+002, 2.2578457E+000, 1.2106164E+002, 2.1069965E+000
 3.2011219E+001, 6.3496959E+002, 5.7912535E-001, 6.1397469E+002, 1.3547685E+000, 5.6574481E+002, 1.8638784E+000, 5.0538199E+002, 2.1899472E+000, 4.4014580E+002, 2.3827435E+000, 3.7565288E+002, 2.4775280E+000, 3.1534120E+002, 2.5149627E+000, 2.6593448E+002, 2.5127840E+000, 2.2912209E+002, 2.4790672E+000, 2.0431266E+002, 2.4205456E+000, 1.8673108E+002, 2.3490008E+000, 1.7318642E+002, 2.2819054E+000, 1.6295782E+002, 2.2242690E+000, 1.5385077E+002, 2.1827084E+000, 1.4577138E+002, 2.1491697E+000, 1.3920107E+002, 2.1148807E+000, 1.3342717E+002, 2.0913345E+000
 3.3344626E+001, 5.8723057E+002, 5.8041173E-001, 5.6343941E+002, 1.3049902E+000, 5.1229884E+002, 1.7738548E+000, 4.5477955E+002, 2.0737377E+000, 3.9723253E+002, 2.2597175E+000, 3.4187640E+002, 2.3596740E+000, 2.9336586E+002, 2.3923662E+000, 2.5414087E+002, 2.3869646E+000, 2.2435974E+002, 2.3606263E+000, 1.9988998E+002, 2.3124714E+000, 1.8043814E+002, 2.2589037E+000, 1.6570258E+002, 2.2098748E+000, 1.5399962E+002, 2.1692523E+000, 1.4543381E+002, 2.1292256E+000, 1.3834863E+002, 2.0832002E+000, 1.3227175E+002, 2.0473291E+000, 1.2642546E+002, 2.0262538E+000
 3.4670879E+001, 5.7760912E+002, 5.8348864E-001, 5.4782185E+002, 1.3147239E+000, 4.8054949E+002, 1.7485023E+000, 4.0953565E+002, 1.9865412E+000, 3.5526102E+002, 2.1264007E+000, 3.1533797E+002, 2.2167474E+000, 2.8149537E+002, 2.2663722E+000, 2.5045806E+002, 2.2801652E+000, 2.2476138E+002, 2.2741817E+000, 2.0413106E+002, 2.2610043E+000, 1.8788226E+002, 2.2330525E+000, 1.7393539E+002, 2.1825239E+000, 1.6250618E+002, 2.1307602E+000, 1.5387406E+002, 2.1033183E+000, 1.4759273E+002, 2.1126009E+000, 1.4364097E+002, 2.1425357E+000, 1.3936484E+002, 2.1767196E+000
 3.6001136E+001, 5.7442316E+002, 5.5551175E-001, 5.3960233E+002, 1.2433716E+000, 4.7474134E+002, 1.6708437E+000, 4.0428057E+002, 1.9036442E+000, 3.3892948E+002, 2.0335613E+000, 2.8256968E+002, 2.0894802E+000, 2.3675739E+002, 2.0665755E+000, 2.0322417E+002, 1.9944094E+000, 1.8032567E+002, 1.9353735E+000, 1.6698801E+002, 1.9084480E+000, 1.5817880E+002, 1.8940456E+000, 1.5102627E+002, 1.8894299E+000, 1.4479836E+002, 1.8787360E+000, 1.3795584E+002, 1.8520968E+000, 1.3135797E+002, 1.8010168E+000, 1.2503148E+002, 1.7346230E+000, 1.2073200E+002, 1.6477920E+000
 3.7345229E+001, 6.0473954E+002, 5.4431857E-001, 5.9056054E+002, 1.3186323E+000, 5.5103231E+002, 1.8396615E+000, 4.9590367E+002, 2.1731178E+000, 4.3859849E+002, 2.3703193E+000, 3.8487364E+002, 2.4847928E+000, 3.3631597E+002, 2.5672479E+000, 2.9996004E+002, 2.6118577E+000, 2.6578074E+002, 2.5939510E+000, 2.3484491E+002, 2.5452929E+000, 2.0863260E+002, 2.4828681E+000, 1.8840532E+002, 2.4106851E+000, 1.7391996E+002, 2.3444698E+000, 1.6279817E+002, 2.3028353E+000, 1.5493250E+002, 2.2709967E+000, 1.4880686E+002, 2.2663027E+000, 1.4559740E+002, 2.2997942E+000
 3.8667034E+001, 6.1524106E+002, 5.5041302E-001, 6.1032717E+002, 1.3371241E+000, 5.8029668E+002, 1.8609977E+000, 5.3063279E+002, 2.2136993E+000, 4.7582565E+002, 2.4483368E+000, 4.2127543E+002, 2.6047707E+000, 3.7324771E+002, 2.7069294E+000, 3.3197086E+002, 2.7670742E+000, 2.9582537E+002, 2.7900559E+000, 2.6731118E+002, 2.7871461E+000, 2.4380376E+002, 2.7702931E+000, 2.2432610E+002, 2.7450049E+000, 2.0812207E+002, 2.7264984E+000, 1.9353369E+002, 2.7162754E+000, 1.8081341E+002, 2.6944591E+000, 1.6860730E+002, 2.6494402E+000, 1.5577859E+002, 2.5854254E+000
 4.0002874E+001, 6.1045550E+002, 5.7616987E-001, 5.9347084E+002, 1.3270858E+000, 5.6357977E+002, 1.8354805E+000, 5.2600387E+002, 2.1926273E+000, 4.8619817E+002, 2.4605333E+000, 4.4595172E+002, 2.6559133E+000, 4.0621244E+002, 2.7936203E+000, 3.6880467E+002, 2.8844073E+000, 3.3355420E+002, 2.9396034E+000, 3.0516649E+002, 2.9673242E+000, 2.7982142E+002, 2.9830889E+000, 2.5768495E+002, 2.9920624E+000, 2.3859709E+002, 2.9826649E+000, 2.2360257E+002, 2.9647575E+000, 2.1050928E+002, 2.9567467E+000, 2.0009826E+002, 2.9490555E+000, 1.8904600E+002, 2.9338737E+000
 4.1344220E+001, 5.6718835E+002, 5.7908749E-001, 5.4354066E+002, 1.2463507E+000, 4.9227918E+002, 1.6735369E+000, 4.3055622E+002, 1.9124473E+000, 3.6738666E+002, 2.0329101E+000, 3.1343121E+002, 2.0859091E+000, 2.7204793E+002, 2.1073758E+000, 2.3988184E+002, 2.0981180E+000, 2.1391563E+002, 2.0916197E+000, 1.9760787E+002, 2.1219141E+000, 1.8928283E+002, 2.1684911E+000, 1.8365927E+002, 2.2247328E+000, 1.7805532E+002, 2.2848039E+000, 1.7109561E+002, 2.3287094E+000, 1.6286608E+002, 2.3466490E+000, 1.5519883E+002, 2.3486387E+000, 1.4831622E+002, 2.3353845E+000
 4.2667565E+001, 6.3533386E+002, 5.1840149E-001, 6.1918142E+002, 1.3279952E+000, 5.7642057E+002, 1.8479543E+000, 5.1997531E+002, 2.1824562E+000, 4.5801576E+002, 2.3967800E+000, 3.9884695E+002, 2.5130454E+000, 3.4381168E+002, 2.5475623E+000, 2.9529269E+002, 2.5630143E+000, 2.5756155E+002, 2.5521619E+000, 2.2661308E+002, 2.4717294E+000, 1.9833781E+002, 2.3548314E+000, 1.7684757E+002, 2.2239268E+000, 1.5936887E+002, 2.0907157E+000, 1.4618892E+002, 1.9464210E+000, 1.3585988E+002, 1.8384583E+000, 1.2916182E+002, 1.7608540E+000, 1.2491354E+002, 1.7184492E+000
 4.4005302E+001, 6.0580452E+002, 5.6165468E-001, 5.8814521E+002, 1.3036394E+000, 5.5093491E+002, 1.7921276E+000, 5.0150221E+002, 2.1191342E+000, 4.5207412E+002, 2.3385043E+000, 4.0600381E+002, 2.4892867E+000, 3.6773419E+002, 2.6020055E+000, 3.3395870E+002, 2.6773442E+000, 3.0168927E+002, 2.7226439E+000, 2.7630013E+002, 2.7588861E+000, 2.5514390E+002, 2.7832695E+000, 2.3848813E+002, 2.7877152E+000, 2.2238358E+002, 2.7808441E+000, 2.0597825E+002, 2.7467789E+000, 1.8890371E+002, 2.6708211E+000, 1.7316158E+002, 2.5695139E+000, 1.5720333E+002, 2.4222179E+000
 4.5342222E+001, 5.9802485E+002, 5.5546697E-001, 5.8216982E+002, 1.3050486E+000, 5.5128049E+002, 1.7987036E+000, 5.0680506E+002, 2.1370276E+000, 4.5784799E+002, 2.3724837E+000, 4.1232385E+002, 2.5345727E+000, 3.6996935E+002, 2.6353058E+000, 3.2976515E+002, 2.6899193E+000, 2.9663317E+002, 2.7158076E+000, 2.6999269E+002, 2.7265152E+000, 2.4414836E+002, 2.7133659E+000, 2.2099836E+002, 2.6733278E+000, 2.0154273E+002, 2.6154891E+000, 1.8608269E+002, 2.5469246E+000, 1.7451045E+002, 2.4721480E+000, 1.6186372E+002, 2.3684613E+000, 1.4956079E+002, 2.2484430E+000
 4.6681826E+001, 5.9390698E+002, 5.5950711E-001, 5.7946045E+002, 1.2775220E+000, 5.4057583E+002, 1.7613446E+000, 4.9451640E+002, 2.0781323E+000, 4.4154020E+002, 2.2874219E+000, 3.8684331E+002, 2.4196539E+000, 3.3665935E+002, 2.4987501E+000, 2.9547524E+002, 2.5442408E+000, 2.6332059E+002, 2.5595324E+000, 2.3752525E+002, 2.5552383E+000, 2.1670525E+002, 2.5518092E+000, 2.0027486E+002, 2.5518361E+000, 1.8800546E+002, 2.5515624E+000, 1.7717017E+002, 2.5326197E+000, 1.6764935E+002, 2.4977348E+000, 1.5983650E+002, 2.4880154E+000, 1.5318868E+002, 2.4791988E+000
 4.8008280E+001, 6.0692674E+002, 5.4201123E-001, 5.9460476E+002, 1.3207179E+000, 5.6601028E+002, 1.8357015E+000, 5.2590341E+002, 2.1865629E+000, 4.7904367E+002, 2.4382420E+000, 4.3526096E+002, 2.6171587E+000, 3.9581274E+002, 2.7415394E+000, 3.5983386E+002, 2.8294829E+000, 3.2863450E+002, 2.8970152E+000, 3.0243684E+002, 2.9485686E+000, 2.7898089E+002, 2.9779774E+000, 2.5626265E+002, 2.9793241E+000, 2.3426225E+002, 2.9607260E+000, 2.1541944E+002, 2.9315927E+000, 1.9944553E+002, 2.8892030E+000, 1.8670902E+002, 2.8343031E+000, 1.7618263E+002, 2.7842448E+000
 4.9339700E+001, 6.0666936E+002, 5.4673979E-001, 5.8054756E+002, 1.2579652E+000, 5.3305858E+002, 1.7134018E+000, 4.7462734E+002, 1.9912564E+000, 4.1212896E+002, 2.1553398E+000, 3.5088731E+002, 2.2412773E+000, 3.0385015E+002, 2.2675949E+000, 2.6581314E+002, 2.2562189E+000, 2.3612035E+002, 2.2272458E+000, 2.1083222E+002, 2.2023898E+000, 1.9240676E+002, 2.1950691E+000, 1.7809998E+002, 2.1894360E+000, 1.6609611E+002, 2.1584536E+000, 1.5579448E+002, 2.1210926E+000, 1.4744342E+002, 2.0951383E+000, 1.4049330E+002, 2.0553744E+000, 1.3310409E+002, 2.0052774E+000
 5.0673654E+001, 6.2583089E+002, 5.2969023E-001, 6.0467314E+002, 1.3177971E+000, 5.6675748E+002, 1.8216994E+000, 5.1719557E+002, 2.1541314E+000, 4.6408058E+002, 2.3732246E+000, 4.0786315E+002, 2.5046867E+000, 3.5450390E+002, 2.5732929E+000, 3.1059390E+002, 2.5960145E+000, 2.7889729E+002, 2.6015139E+000, 2.5522383E+002, 2.6123799E+000, 2.3793686E+002, 2.6270945E+000, 2.2352387E+002, 2.6457620E+000, 2.1273857E+002, 2.6654148E+000, 2.0228411E+002, 2.6729594E+000, 1.9347103E+002, 2.6622505E+000, 1.8270254E+002, 2.6444079E+000, 1.7281258E+002, 2.6211532E+000
 5.2009649E+001, 5.8825570E+002, 5.6805667E-001, 5.7305153E+002, 1.2573860E+000, 5.3706617E+002, 1.7330302E+000, 4.8719574E+002, 2.0522109E+000, 4.3367772E+002, 2.2693061E+000, 3.9133314E+002, 2.4252199E+000, 3.5851559E+002, 2.5476323E+000, 3.3199640E+002, 2.6473339E+000, 3.0534857E+002, 2.7115287E+000, 2.8139160E+002, 2.7374477E+000, 2.5724271E+002, 2.7388310E+000, 2.3423664E+002, 2.7104032E+000, 2.1161233E+002, 2.6461021E+000, 1.9204140E+002, 2.5641419E+000, 1.7474158E+002, 2.4671570E+000, 1.6058885E+002, 2.3648274E+000, 1.4926966E+002, 2.2758948E+000
 5.3334578E+001, 5.5599195E+002, 6.0008317E-001, 5.4464956E+002, 1.2431496E+000, 5.1002906E+002, 1.6877884E+000, 4.6272001E+002, 1.9902308E+000, 4.1609682E+002, 2.1903914E+000, 3.7110280E+002, 2.3250683E+000, 3.2711245E+002, 2.4042349E+000, 2.8492877E+002, 2.4315157E+000, 2.5008505E+002, 2.4211642E+000, 2.2148968E+002, 2.3742270E+000, 1.9810498E+002, 2.3055970E+000, 1.8055817E+002, 2.2526783E+000, 1.6879176E+002, 2.2072624E+000, 1.5879835E+002, 2.1618371E+000, 1.4997917E+002, 2.1177664E+000, 1.4241571E+002, 2.0593444E+000, 1.3691561E+002, 2.0019791E+000
 5.4674161E+001, 6.1091503E+002, 5.4945722E-001, 5.9327541E+002, 1.2567771E+000, 5.4233488E+002, 1.7266239E+000, 4.6794760E+002, 2.0076952E+000, 3.9516097E+002, 2.1564918E+000, 3.2956718E+002, 2.2082811E+000, 2.7661330E+002, 2.1630305E+000, 2.3617906E+002, 2.0861145E+000, 2.1496638E+002, 2.0614659E+000, 2.0202387E+002, 2.0756566E+000, 1.8891667E+002, 2.0806692E+000, 1.7447317E+002, 2.0551407E+000, 1.6097092E+002, 2.0157993E+000, 1.5101051E+002, 1.9334836E+000, 1.4207134E+002, 1.8236432E+000, 1.3264487E+002, 1.7553573E+000, 1.2237005E+002, 1.7005297E+000
 5.6007888E+001, 5.6279089E+002, 5.6283003E-001, 5.4770682E+002, 1.2335902E+000, 5.1455037E+002, 1.6895898E+000, 4.6973604E+002, 1.9873504E+000, 4.1899431E+002, 2.1727787E+000, 3.6633707E+002, 2.2817703E+000, 3.1631175E+002, 2.3513505E+000, 2.7197846E+002, 2.3498806E+000, 2.3423769E+002, 2.2666399E+000, 2.0063564E+002, 2.1753215E+000, 1.7800204E+002, 2.0729803E+000, 1.6015222E+002, 1.9553870E+000, 1.4876105E+002, 1.8519310E+000, 1.3847878E+002, 1.8079365E+000, 1.3163168E+002, 1.7927772E+000, 1.2691044E+002, 1.7646392E+000, 1.2334840E+002, 1.7383402E+000
 5.7344915E+001, 5.7757504E+002, 5.5809007E-001, 5.6256647E+002, 1.2345888E+000, 5.0705251E+002, 1.6577975E+000, 4.4201631E+002, 1.9202652E+000, 3.8541983E+002, 2.0958938E+000, 3.4083351E+002, 2.2002642E+000, 3.0176188E+002, 2.2580595E+000, 2.6753495E+002, 2.2762340E+000, 2.3683054E+002, 2.2502374E+000, 2.1199315E+002, 2.1853212E+000, 1.9202971E+002, 2.1051827E+000, 1.7528651E+002, 2.0086916E+000, 1.6183606E+002, 1.8967720E+000, 1.5186451E+002, 1.7962120E+000, 1.4579218E+002, 1.7369244E+000, 1.4283252E+002, 1.7323329E+000, 1.3935976E+002, 1.7544977E+000
 5.8678694E+001, 5.9512169E+002, 5.5950170E-001, 5.5756946E+002, 1.2342040E+000, 4.8640052E+002, 1.6670595E+000, 4.2640923E+002, 1.9230449E+000, 3.7279708E+002, 2.0821191E+000, 3.2867406E+002, 2.1905752E+000, 2.9060861E+002, 2.2481753E+000, 2.5977748E+002, 2.2758873E+000, 2.3775178E+002, 2.2889243E+000, 2.2047844E+002, 2.2839653E+000, 2.0567222E+002, 2.2544691E+000, 1.9305151E+002, 2.2266501E+000, 1.8185330E+002, 2.2025814E+000, 1.7247314E+002, 2.1612537E+000, 1.6202656E+002, 2.1001832E+000, 1.5426743E+002, 2.0322754E+000, 1.4695929E+002, 1.9698264E+000
 6.0013621E+001, 6.2255898E+002, 5.4781404E-001, 6.0495243E+002, 1.3211560E+000, 5.4713203E+002, 1.7967999E+000, 4.7103909E+002, 2.0743754E+000, 4.0380560E+002, 2.2093004E+000, 3.3816129E+002, 2.2385516E+000, 2.7960499E+002, 2.1979438E+000, 2.3117821E+002, 2.1062681E+000, 1.9651509E+002, 1.9776615E+000, 1.7191025E+002, 1.8727784E+000, 1.5621979E+002, 1.7911180E+000, 1.4619031E+002, 1.7095865E+000, 1.3948834E+002, 1.6469970E+000, 1.3505250E+002, 1.6048393E+000, 1.3130439E+002, 1.5651712E+000, 1.2829717E+002, 1.5380456E+000, 1.2525891E+002, 1.5270091E+000
 6.1341074E+001, 5.7606319E+002, 5.6148401E-001, 5.5441693E+002, 1.2625013E+000, 5.0455260E+002, 1.6882811E+000, 4.3829421E+002, 1.9218471E+000, 3.7296305E+002, 2.0401027E+000, 3.1712571E+002, 2.0961909E+000, 2.6685670E+002, 2.1096798E+000, 2.2547830E+002, 2.0768451E+000, 1.9546646E+002, 2.0083632E+000, 1.7519581E+002, 1.9607820E+000, 1.6261576E+002, 1.9127322E+000, 1.5303062E+002, 1.8672460E+000, 1.4703165E+002, 1.8606246E+000, 1.4250283E+002, 1.8924538E+000, 1.3901405E+002, 1.9300296E+000, 1.3636579E+002, 1.9396824E+000, 1.3361394E+002, 1.9216813E+000
 6.2673178E+001, 6.2782705E+002, 5.3113876E-001, 6.1284819E+002, 1.2862773E+000, 5.5657712E+002, 1.7650093E+000, 4.9416160E+002, 2.0522094E+000, 4.3025521E+002, 2.2216631E+000, 3.7308436E+002, 2.3280728E+000, 3.2996791E+002, 2.3900194E+000, 2.9783598E+002, 2.4132293E+000, 2.7056680E+002, 2.3798344E+000, 2.4414310E+002, 2.2870895E+000, 2.2110035E+002, 2.2044873E+000, 2.0227622E+002, 2.1338503E+000, 1.8634156E+002, 2.0878721E+000, 1.7325654E+002, 2.0279037E+000, 1.6229790E+002, 1.9828916E+000, 1.5196664E+002, 1.9740567E+000, 1.4324821E+002, 1.9837495E+000
 6.4006289E+001, 6.0101443E+002, 5.6402268E-001, 5.9576360E+002, 1.2826820E+000, 5.6540772E+002, 1.7763034E+000, 5.2066036E+002, 2.1040641E+000, 4.6786244E+002, 2.3200919E+000, 4.1251375E+002, 2.4528435E+000, 3.5882581E+002, 2.5175059E+000, 3.1394844E+002, 2.5363041E+000, 2.8014409E+002, 2.5393259E+000, 2.5513217E+002, 2.5371658E+000, 2.3468811E+002, 2.5244621E+000, 2.1633753E+002, 2.4979240E+000, 2.0030034E+002, 2.4586110E+000, 1.8728234E+002, 2.4155528E+000, 1.7653493E+002, 2.3819072E+000, 1.6722841E+002, 2.3665822E+000, 1.5968845E+002, 2.3572615E+000
 6.5334446E+001, 6.2396119E+002, 5.2964405E-001, 6.0063187E+002, 1.2849184E+000, 5.5247848E+002, 1.7677235E+000, 4.9576263E+002, 2.0829151E+000, 4.4804137E+002, 2.2956192E+000, 4.0763499E+002, 2.4414521E+000, 3.7148049E+002, 2.5489756E+000, 3.3633709E+002, 2.6204213E+000, 3.0249543E+002, 2.6450098E+000, 2.7084357E+002, 2.6313727E+000, 2.4333832E+002, 2.5912154E+000, 2.2140203E+002, 2.5238249E+000, 2.0383484E+002, 2.4447326E+000, 1.8954009E+002, 2.3699638E+000, 1.7749902E+002, 2.3060093E+000, 1.6843033E+002, 2.2490761E+000, 1.6067940E+002, 2.1997359E+000
 6.6671923E+001, 6.3137523E+002, 5.7017062E-001, 6.2324381E+002, 1.3188805E+000, 5.9792083E+002, 1.8199664E+000, 5.5140716E+002, 2.1502584E+000, 4.9162349E+002, 2.3755868E+000, 4.3669185E+002, 2.5302662E+000, 3.9265647E+002, 2.6363950E+000, 3.5474986E+002, 2.7181461E+000, 3.2116988E+002, 2.7815628E+000, 2.9292904E+002, 2.8175397E+000, 2.6864761E+002, 2.8243837E+000, 2.4703571E+002, 2.8118711E+000, 2.2791125E+002, 2.7792611E+000, 2.1140499E+002, 2.7263784E+000, 1.9694550E+002, 2.6658825E+000, 1.8512610E+002, 2.6056779E+000, 1.7566929E+002, 2.5443444E+000
 6.8005290E+001, 6.2901620E+002, 5.6269061E-001, 6.0650525E+002, 1.2697012E+000, 5.5744337E+002, 1.7375065E+000, 4.9687556E+002, 2.0384243E+000, 4.3447248E+002, 2.2144112E+000, 3.7416475E+002, 2.2991371E+000, 3.1759901E+002, 2.3204998E+000, 2.7435390E+002, 2.2966568E+000, 2.4366494E+002, 2.2513320E+000, 2.2086982E+002, 2.2041107E+000, 2.0216060E+002, 2.1573094E+000, 1.8609966E+002, 2.1095235E+000, 1.7246475E+002, 2.0553535E+000, 1.6096886E+002, 1.9847496E+000, 1.5082374E+002, 1.8941869E+000, 1.4311252E+002, 1.7991158E+000, 1.3682845E+002, 1.7302985E+000
 6.9343613E+001, 6.3623366E+002, 5.1624796E-001, 6.1520778E+002, 1.2909977E+000, 5.7131027E+002, 1.7902337E+000, 5.1262584E+002, 2.1036158E+000, 4.5167642E+002, 2.2897947E+000, 3.9055889E+002, 2.3885708E+000, 3.3775143E+002, 2.4179845E+000, 2.9229381E+002, 2.4025395E+000, 2.5559727E+002, 2.3560905E+000, 2.2665473E+002, 2.2909915E+000, 2.0496846E+002, 2.2331459E+000, 1.8692910E+002, 2.1684069E+000, 1.6923809E+002, 2.0760356E+000, 1.5565302E+002, 1.9940196E+000, 1.4732503E+002, 1.9625882E+000, 1.4216101E+002, 1.9619919E+000, 1.3896383E+002, 1.9582582E+000
 7.0670784E+001, 6.2120046E+002, 5.5933938E-001, 5.8880661E+002, 1.2586991E+000, 5.3407013E+002, 1.7188881E+000, 4.7371916E+002, 2.0094563E+000, 4.1587521E+002, 2.1951034E+000, 3.6400079E+002, 2.3008729E+000, 3.1842732E+002, 2.3563320E+000, 2.8197077E+002, 2.3743210E+000, 2.5538465E+002, 2.3826492E+000, 2.3521113E+002, 2.3848724E+000, 2.1700129E+002, 2.3460171E+000, 1.9963898E+002, 2.2773050E+000, 1.8258861E+002, 2.2073850E+000, 1.6723083E+002, 2.1122979E+000, 1.5383127E+002, 1.9674866E+000, 1.4251804E+002, 1.8058974E+000, 1.3292015E+002, 1.6729686E+000
 7.2004024E+001, 6.2771933E+002, 5.5707928E-001, 5.9696574E+002, 1.2645257E+000, 5.4028117E+002, 1.7161997E+000, 4.7128899E+002, 1.9778303E+000, 4.0385785E+002, 2.1193311E+000, 3.4497391E+002, 2.1959832E+000, 2.9920808E+002, 2.2234548E+000, 2.6186592E+002, 2.2065314E+000, 2.3431865E+002, 2.1759467E+000, 2.1148480E+002, 2.1635391E+000, 1.9428204E+002, 2.1589066E+000, 1.8033110E+002, 2.1434564E+000, 1.6815777E+002, 2.1246875E+000, 1.5855737E+002, 2.1056395E+000, 1.5054519E+002, 2.0857640E+000, 1.4457140E+002, 2.0754650E+000, 1.4109337E+002, 2.0837888E+000
 7.3336032E+001, 5.9816023E+002, 5.9681807E-001, 5.6482125E+002, 1.2436338E+000, 5.0603657E+002, 1.6419213E+000, 4.4490238E+002, 1.8769075E+000, 3.7860683E+002, 2.0225894E+000, 3.2504279E+002, 2.0923017E+000, 2.8763146E+002, 2.1075200E+000, 2.6025386E+002, 2.1185073E+000, 2.3746196E+002, 2.1202392E+000, 2.1743859E+002, 2.0957642E+000, 1.9675636E+002, 2.0627274E+000, 1.8010967E+002, 2.0258860E+000, 1.6679116E+002, 1.9658508E+000, 1.5578498E+002, 1.8845015E+000, 1.4657109E+002, 1.8070808E+000, 1.3871562E+002, 1.7348444E+000, 1.3135795E+002, 1.6718567E+000
 7.4669334E+001, 6.4521984E+002, 5.9049292E-001, 6.1940268E+002, 1.2872707E+000, 5.4081813E+002, 1.7290527E+000, 4.3830712E+002, 1.9472969E+000, 3.6248190E+002, 2.0195724E+000, 3.0514966E+002, 2.0270909E+000, 2.6286742E+002, 2.0204489E+000, 2.2952127E+002, 2.0166774E+000, 2.0452751E+002, 1.9997056E+000, 1.8562841E+002, 1.9693461E+000, 1.6965708E+002, 1.9320754E+000, 1.5712847E+002, 1.8804563E+000, 1.4769925E+002, 1.8208237E+000, 1.4151126E+002, 1.7595609E+000, 1.3779741E+002, 1.6924539E+000, 1.3630527E+002, 1.6336204E+000, 1.3501067E+002, 1.6116609E+000
 7.6014166E+001, 6.6566118E+002, 5.1677816E-001, 6.3051989E+002, 1.2441842E+000, 5.7472084E+002, 1.7476872E+000, 5.1105086E+002, 2.0705546E+000, 4.3743876E+002, 2.2394333E+000, 3.6672285E+002, 2.2981345E+000, 3.0666561E+002, 2.2805009E+000, 2.5809355E+002, 2.2096641E+000, 2.2163182E+002, 2.1235314E+000, 1.9285332E+002, 2.0319732E+000, 1.7049904E+002, 1.9264170E+000, 1.5239546E+002, 1.8182734E+000, 1.4041296E+002, 1.7093680E+000, 1.3088184E+002, 1.6022077E+000, 1.2231234E+002, 1.4910987E+000, 1.1642481E+002, 1.4052888E+000, 1.1348442E+002, 1.3742410E+000
 7.7335324E+001, 6.3266121E+002, 5.6343623E-001, 5.8917391E+002, 1.2048115E+000, 5.2766821E+002, 1.6432692E+000, 4.5808308E+002, 1.9238862E+000, 4.0544463E+002, 2.0843508E+000, 3.6128333E+002, 2.1555784E+000, 3.2070520E+002, 2.1893829E+000, 2.8764366E+002, 2.2323376E+000, 2.6384386E+002, 2.2765760E+000, 2.4133573E+002, 2.2916711E+000, 2.2002112E+002, 2.2520966E+000, 1.9981045E+002, 2.2052491E+000, 1.8689496E+002, 2.2128614E+000, 1.7736370E+002, 2.2269509E+000, 1.7094723E+002, 2.2456381E+000, 1.6442038E+002, 2.2505180E+000, 1.6067960E+002, 2.2359498E+000
 7.8676880E+001, 6.5196992E+002, 5.5351689E-001, 6.0884898E+002, 1.2617417E+000, 5.4535047E+002, 1.7134071E+000, 4.8152754E+002, 1.9899209E+000, 4.1676813E+002, 2.1566330E+000, 3.6225437E+002, 2.2560334E+000, 3.1598687E+002, 2.2933199E+000, 2.7230293E+002, 2.2706321E+000, 2.3599810E+002, 2.1962859E+000, 2.1338507E+002, 2.1212743E+000, 1.9990434E+002, 2.0928367E+000, 1.9119582E+002, 2.0741066E+000, 1.8070107E+002, 2.0216188E+000, 1.6943107E+002, 1.9729175E+000, 1.5965296E+002, 1.9135004E+000, 1.5162633E+002, 1.8550617E+000, 1.4369383E+002, 1.8200457E+000
 8.0014121E+001, 5.8174718E+002, 6.3183111E-001, 5.5380970E+002, 1.2337287E+000, 4.9329935E+002, 1.6160042E+000, 4.2154131E+002, 1.8217906E+000, 3.4971308E+002, 1.9164827E+000, 2.8864797E+002, 1.9274277E+000, 2.4239888E+002, 1.8850373E+000, 2.1364915E+002, 1.8122563E+000, 1.9403388E+002, 1.7103460E+000, 1.7378782E+002, 1.5987671E+000, 1.5647955E+002, 1.4566806E+000, 1.4100181E+002, 1.3675231E+000, 1.3456039E+002, 1.3564339E+000, 1.3444820E+002, 1.3804508E+000, 1.3687709E+002, 1.4862309E+000, 1.3887064E+002, 1.6232044E+000, 1.3774880E+002, 1.7248789E+000
 8.1335966E+001, 5.3072642E+002, 5.8854895E-001, 4.9486453E+002, 1.1097963E+000, 4.2744296E+002, 1.4384412E+000, 3.6291861E+002, 1.5964456E+000, 3.0680676E+002, 1.6439316E+000, 2.6229161E+002, 1.6248075E+000, 2.3043121E+002, 1.5697566E+000, 2.0081237E+002, 1.5121018E+000, 1.7711089E+002, 1.4487580E+000, 1.5879056E+002, 1.4448635E+000, 1.4549183E+002, 1.4503266E+000, 1.3826095E+002, 1.4554787E+000, 1.3389523E+002, 1.5284098E+000, 1.2967912E+002, 1.5238657E+000, 1.2359017E+002, 1.5058590E+000, 1.1834655E+002, 1.5146786E+000, 1.1606074E+002, 1.5286271E+000
 8.2673441E+001, 6.2089839E+002, 5.3624880E-001, 5.8228765E+002, 1.2254303E+000, 5.1751234E+002, 1.6683705E+000, 4.4862601E+002, 1.9288366E+000, 3.8594610E+002, 2.0679429E+000, 3.2635186E+002, 2.1193281E+000, 2.7966635E+002, 2.1277461E+000, 2.4721129E+002, 2.1299457E+000, 2.2526606E+002, 2.1389422E+000, 2.0967305E+002, 2.1544147E+000, 1.9805813E+002, 2.1639899E+000, 1.8726747E+002, 2.1685348E+000, 1.7599294E+002, 2.1737129E+000, 1.6602423E+002, 2.1699618E+000, 1.5976386E+002, 2.1603013E+000, 1.5456756E+002, 2.1534765E+000, 1.4948032E+002, 2.1388524E+000
 8.4001166E+001, 6.3142032E+002, 5.3176502E-001, 6.1395189E+002, 1.2519286E+000, 5.7040157E+002, 1.7349167E+000, 5.1165372E+002, 2.0496172E+000, 4.5265232E+002, 2.2389609E+000, 3.9911597E+002, 2.3409328E+000, 3.4438873E+002, 2.3776047E+000, 2.9706530E+002, 2.3637826E+000, 2.6276659E+002, 2.3300522E+000, 2.3856089E+002, 2.3031291E+000, 2.2116445E+002, 2.2936494E+000, 2.0807761E+002, 2.2955811E+000, 1.9611321E+002, 2.2998709E+000, 1.8587945E+002, 2.2908903E+000, 1.7846080E+002, 2.2732616E+000, 1.7201634E+002, 2.2540687E+000, 1.6543434E+002, 2.2291953E+000
 8.5343586E+001, 6.0759359E+002, 5.4885129E-001, 5.6167360E+002, 1.1871314E+000, 4.9574048E+002, 1.5849953E+000, 4.3069063E+002, 1.7995396E+000, 3.6960547E+002, 1.9055684E+000, 3.1849652E+002, 1.9490268E+000, 2.8146152E+002, 1.9627574E+000, 2.5747456E+002, 1.9558275E+000, 2.3718895E+002, 1.9519809E+000, 2.1869860E+002, 1.9434115E+000, 2.0106980E+002, 1.9301370E+000, 1.8392935E+002, 1.8956158E+000, 1.7083767E+002, 1.8466902E+000, 1.5879463E+002, 1.7879495E+000, 1.4689664E+002, 1.6987837E+000, 1.3709614E+002, 1.5775435E+000, 1.3036192E+002, 1.4680198E+000
 8.6676611E+001, 6.0006912E+002, 5.6816948E-001, 5.7830377E+002, 1.2288918E+000, 5.2670586E+002, 1.6510196E+000, 4.5824644E+002, 1.8884874E+000, 3.8710124E+002, 2.0011149E+000, 3.2780793E+002, 2.0361469E+000, 2.7988256E+002, 2.0331133E+000, 2.4367144E+002, 2.0218838E+000, 2.1470871E+002, 2.0025957E+000, 1.9245758E+002, 1.9590008E+000, 1.7477074E+002, 1.9047685E+000, 1.6192121E+002, 1.8636348E+000, 1.5484811E+002, 1.8119075E+000, 1.4353396E+002, 1.7691108E+000, 1.3793887E+002, 1.7617388E+000, 1.3462209E+002, 1.7547396E+000, 1.3258603E+002, 1.7325408E+000
 8.8014223E+001, 6.6014706E+002, 5.0739255E-001, 6.3769680E+002, 1.2858898E+000, 5.8550346E+002, 1.7917968E+000, 5.2186095E+002, 2.1124958E+000, 4.6406033E+002, 2.3006710E+000, 4.0993393E+002, 2.4110527E+000, 3.5427840E+002, 2.4660388E+000, 3.1126473E+002, 2.4606430E+000, 2.7552514E+002, 2.4212044E+000, 2.4354406E+002, 2.3712502E+000, 2.1350953E+002, 2.2833225E+000, 1.8944714E+002, 2.1521430E+000, 1.6967215E+002, 1.9914128E+000, 1.5492146E+002, 1.7981643E+000, 1.4479821E+002, 1.6307082E+000, 1.3508931E+002, 1.5222561E+000, 1.2791855E+002, 1.4865937E+000
 8.9336268E+001, 5.9033356E+002, 5.4752975E-001, 5.5650485E+002, 1.1572256E+000, 5.0091532E+002, 1.5833127E+000, 4.4721770E+002, 1.8504370E+000, 3.8818441E+002, 2.0206626E+000, 3.3578492E+002, 2.1236563E+000, 2.9693530E+002, 2.1770785E+000, 2.7219156E+002, 2.2066217E+000, 2.5326700E+002, 2.2333300E+000, 2.3951456E+002, 2.2645607E+000, 2.2731078E+002, 2.2984946E+000, 2.1723926E+002, 2.3282026E+000, 2.0556231E+002, 2.3463852E+000, 1.9473810E+002, 2.3477414E+000, 1.8279828E+002, 2.3328450E+000, 1.7390401E+002, 2.2959179E+000, 1.6537672E+002, 2.2530163E+000
 9.0679667E+001, 6.1173238E+002, 5.3730529E-001, 5.9924079E+002, 1.2644937E+000, 5.6697499E+002, 1.7451424E+000, 5.1586339E+002, 2.0740640E+000, 4.6212349E+002, 2.2980532E+000, 4.1240293E+002, 2.4448119E+000, 3.6664770E+002, 2.5429471E+000, 3.2496238E+002, 2.6063084E+000, 2.9037184E+002, 2.6445583E+000, 2.6551006E+002, 2.6531089E+000, 2.4512007E+002, 2.6383189E+000, 2.2656902E+002, 2.6098971E+000, 2.0990403E+002, 2.5670197E+000, 1.9608667E+002, 2.5189863E+000, 1.8324035E+002, 2.4749513E+000, 1.7479284E+002, 2.4349098E+000, 1.6655043E+002, 2.3936494E+000
 9.2004670E+001, 6.3588119E+002, 5.0733948E-001, 6.1205456E+002, 1.2778461E+000, 5.6458479E+002, 1.7686842E+000, 5.0719261E+002, 2.0810150E+000, 4.5088756E+002, 2.2757988E+000, 3.9464313E+002, 2.3855770E+000, 3.4378774E+002, 2.4262367E+000, 3.0359551E+002, 2.4100494E+000, 2.7028394E+002, 2.3780114E+000, 2.4214738E+002, 2.3584956E+000, 2.1790080E+002, 2.3362625E+000, 1.9843638E+002, 2.3097250E+000, 1.8463434E+002, 2.2826450E+000, 1.7446188E+002, 2.2556408E+000, 1.6709046E+002, 2.2340637E+000, 1.5956967E+002, 2.2127164E+000, 1.5372346E+002, 2.1763072E+000
 9.3335716E+001, 6.2891940E+002, 5.2585665E-001, 6.0729893E+002, 1.2855843E+000, 5.5926915E+002, 1.7719394E+000, 4.9454515E+002, 2.0662869E+000, 4.2248604E+002, 2.2147287E+000, 3.6147571E+002, 2.2520576E+000, 3.1261342E+002, 2.2286227E+000, 2.7440347E+002, 2.2085806E+000, 2.4496511E+002, 2.1873324E+000, 2.2113243E+002, 2.1474208E+000, 2.0307871E+002, 2.0833539E+000, 1.8643473E+002, 1.9763558E+000, 1.7085301E+002, 1.8425986E+000, 1.5527664E+002, 1.6955066E+000, 1.4379771E+002, 1.6655864E+000, 1.3736451E+002, 1.6704328E+000, 1.3261918E+002, 1.6683248E+000
 9.4673590E+001, 5.9671876E+002, 5.6117421E-001, 5.8241296E+002, 1.2735739E+000, 5.4227476E+002, 1.7232554E+000, 4.8817963E+002, 2.0033002E+000, 4.3065148E+002, 2.1786020E+000, 3.7927511E+002, 2.2879523E+000, 3.3407905E+002, 2.3576469E+000, 2.9344022E+002, 2.3847518E+000, 2.6170039E+002, 2.3748900E+000, 2.3616317E+002, 2.3382376E+000, 2.1644802E+002, 2.3154115E+000, 2.0100185E+002, 2.3125754E+000, 1.8884169E+002, 2.2887302E+000, 1.7820751E+002, 2.2194047E+000, 1.6737401E+002, 2.0880745E+000, 1.5729264E+002, 1.9683175E+000, 1.4861755E+002, 1.8498531E+000
 9.6000638E+001, 5.9878764E+002, 5.4913365E-001, 5.7392770E+002, 1.2191944E+000, 5.1342900E+002, 1.6461413E+000, 4.4847996E+002, 1.8980321E+000, 3.8025824E+002, 2.0260255E+000, 3.2000973E+002, 2.0725678E+000, 2.7190741E+002, 2.0517008E+000, 2.3500233E+002, 1.9947012E+000, 2.0942729E+002, 1.9589894E+000, 1.9278722E+002, 1.9514204E+000, 1.8190880E+002, 1.9561480E+000, 1.7464783E+002, 1.9690733E+000, 1.6866541E+002, 1.9889194E+000, 1.6360137E+002, 2.0039177E+000, 1.5788540E+002, 2.0105625E+000, 1.5297358E+002, 2.0302138E+000, 1.4824257E+002, 2.0389741E+000
 9.7334770E+001, 6.3949526E+002, 5.3358571E-001, 6.1893237E+002, 1.2874135E+000, 5.7444300E+002, 1.7632108E+000, 5.1969492E+002, 2.0686520E+000, 4.5687612E+002, 2.2532167E+000, 3.9390184E+002, 2.3468765E+000, 3.3840013E+002, 2.3976762E+000, 2.9585607E+002, 2.4173333E+000, 2.6306265E+002, 2.3790144E+000, 2.3350454E+002, 2.3080751E+000, 2.1072277E+002, 2.2465091E+000, 1.9357048E+002, 2.2090563E+000, 1.7820358E+002, 2.1755187E+000, 1.6752388E+002, 2.1362052E+000, 1.5854963E+002, 2.0949922E+000, 1.5241450E+002, 2.0541223E+000, 1.4683647E+002, 2.0232598E+000
 9.8670804E+001, 6.2064304E+002, 5.6019554E-001, 5.8867649E+002, 1.2654490E+000, 5.3608448E+002, 1.7095537E+000, 4.7930466E+002, 1.9850911E+000, 4.2293941E+002, 2.1605757E+000, 3.7505107E+002, 2.2739723E+000, 3.3239975E+002, 2.3354256E+000, 2.9788295E+002, 2.3521479E+000, 2.7067997E+002, 2.3588462E+000, 2.5148970E+002, 2.3717178E+000, 2.3404004E+002, 2.3772934E+000, 2.1601166E+002, 2.3751110E+000, 1.9879480E+002, 2.3479217E+000, 1.8388024E+002, 2.2903129E+000, 1.7187011E+002, 2.2200936E+000, 1.6214929E+002, 2.1659549E+000, 1.5564982E+002, 2.1191766E+000
 1.0000030E+002, 6.6255612E+002, 5.2074277E-001, 6.4783433E+002, 1.2985338E+000, 6.0356766E+002, 1.8004036E+000, 5.4864215E+002, 2.1420106E+000, 4.9608136E+002, 2.3763035E+000, 4.4503322E+002, 2.5376018E+000, 3.9649256E+002, 2.6521712E+000, 3.5637082E+002, 2.7380603E+000, 3.2183166E+002, 2.7856057E+000, 2.9242794E+002, 2.7809259E+000, 2.6555157E+002, 2.7326528E+000, 2.4344212E+002, 2.6536190E+000, 2.2336260E+002, 2.5740334E+000, 2.0491350E+002, 2.5011738E+000, 1.8860414E+002, 2.4075345E+000, 1.7427382E+002, 2.2853467E+000, 1.6045667E+002, 2.1575968E+000
 1.0133566E+002, 6.4412113E+002, 5.2097556E-001, 6.3664555E+002, 1.2921520E+000, 6.0868936E+002, 1.8163049E+000, 5.6425307E+002, 2.1707152E+000, 5.0810493E+002, 2.4023548E+000, 4.5137965E+002, 2.5499034E+000, 3.9927733E+002, 2.6388786E+000, 3.5077304E+002, 2.6768497E+000, 3.0831847E+002, 2.6823243E+000, 2.7590785E+002, 2.6693644E+000, 2.5058803E+002, 2.6376661E+000, 2.3151593E+002, 2.5994323E+000, 2.1653622E+002, 2.5566476E+000, 2.0358676E+002, 2.4966087E+000, 1.9440510E+002, 2.4412383E+000, 1.8508321E+002, 2.3950640E+000, 1.7872179E+002, 2.3425415E+000
 1.0267320E+002, 6.4173640E+002, 5.2774196E-001, 6.2512273E+002, 1.2825296E+000, 5.8627415E+002, 1.7778311E+000, 5.3698693E+002, 2.1049378E+000, 4.8469717E+002, 2.3296076E+000, 4.3810300E+002, 2.4800992E+000, 3.9673800E+002, 2.5758759E+000, 3.6026539E+002, 2.6490236E+000, 3.2938703E+002, 2.7035389E+000, 3.0469197E+002, 2.7391215E+000, 2.8307363E+002, 2.7669040E+000, 2.6314237E+002, 2.7802270E+000, 2.4584650E+002, 2.7724341E+000, 2.3026429E+002, 2.7564366E+000, 2.1679929E+002, 2.7368605E+000, 2.0584009E+002, 2.7093054E+000, 1.9621174E+002, 2.6748571E+000
 1.0400077E+002, 6.5642636E+002, 5.6226567E-001, 6.3284351E+002, 1.2940606E+000, 5.8147546E+002, 1.7726259E+000, 5.2176600E+002, 2.0764525E+000, 4.6190184E+002, 2.2725771E+000, 4.0216729E+002, 2.3927292E+000, 3.5245274E+002, 2.4588920E+000, 3.1396719E+002, 2.4924563E+000, 2.8445098E+002, 2.5113214E+000, 2.6035699E+002, 2.5208737E+000, 2.4034020E+002, 2.5183806E+000, 2.2341181E+002, 2.5028913E+000, 2.0854254E+002, 2.4764942E+000, 1.9715829E+002, 2.4500294E+000, 1.8819413E+002, 2.4189091E+000, 1.8053265E+002, 2.3821380E+000, 1.7261475E+002, 2.3365468E+000
 1.0533900E+002, 6.3212715E+002, 5.8305644E-001, 5.8786392E+002, 1.2330982E+000, 5.0015177E+002, 1.6329751E+000, 4.0353575E+002, 1.7995567E+000, 3.2234916E+002, 1.8452461E+000, 2.6405504E+002, 1.8144360E+000, 2.2662061E+002, 1.7081563E+000, 2.0194393E+002, 1.6259872E+000, 1.8686238E+002, 1.5851268E+000, 1.7486168E+002, 1.5723679E+000, 1.6177183E+002, 1.5512173E+000, 1.4819587E+002, 1.4732515E+000, 1.3866165E+002, 1.4099814E+000, 1.3295141E+002, 1.3987171E+000, 1.2912137E+002, 1.3985725E+000, 1.2636307E+002, 1.3863260E+000, 1.2440451E+002, 1.3779161E+000
 1.0667268E+002, 5.9146172E+002, 5.7777922E-001, 5.6198037E+002, 1.1892914E+000, 5.0648654E+002, 1.6061324E+000, 4.3647274E+002, 1.8566060E+000, 3.7024919E+002, 1.9972512E+000, 3.1320088E+002, 2.0490736E+000, 2.7153111E+002, 2.0547938E+000, 2.3751091E+002, 2.0203246E+000, 2.1052420E+002, 1.9469393E+000, 1.8802068E+002, 1.8767517E+000, 1.7212109E+002, 1.8205753E+000, 1.6051960E+002, 1.7670009E+000, 1.5087229E+002, 1.7237817E+000, 1.4372978E+002, 1.7259761E+000, 1.3892030E+002, 1.7485460E+000, 1.3477481E+002, 1.7396153E+000, 1.3141046E+002, 1.7050965E+000
 1.0800629E+002, 6.5385545E+002, 4.9932482E-001, 6.2532554E+002, 1.2819996E+000, 5.7920955E+002, 1.7990842E+000, 5.2525226E+002, 2.1207033E+000, 4.7022609E+002, 2.3182495E+000, 4.1644749E+002, 2.4434203E+000, 3.6853000E+002, 2.5191527E+000, 3.2498416E+002, 2.5539686E+000, 2.8789062E+002, 2.5611497E+000, 2.5734437E+002, 2.5345700E+000, 2.3139154E+002, 2.4848373E+000, 2.1103622E+002, 2.4340466E+000, 1.9339090E+002, 2.3781765E+000, 1.7850363E+002, 2.2749183E+000, 1.6535601E+002, 2.1431191E+000, 1.5506195E+002, 2.0497106E+000, 1.4672362E+002, 1.9989184E+000
 1.0934460E+002, 5.9166230E+002, 5.6284575E-001, 5.5631931E+002, 1.1941248E+000, 4.9377241E+002, 1.6128767E+000, 4.3511636E+002, 1.8653687E+000, 3.7562431E+002, 2.0209466E+000, 3.1930397E+002, 2.0854529E+000, 2.7055104E+002, 2.0546091E+000, 2.3298736E+002, 1.9670267E+000, 2.0577633E+002, 1.8652716E+000, 1.8570580E+002, 1.7687942E+000, 1.7028777E+002, 1.6616541E+000, 1.5649173E+002, 1.5565332E+000, 1.4586162E+002, 1.5061707E+000, 1.3778205E+002, 1.5237389E+000, 1.3104454E+002, 1.5520515E+000, 1.2538750E+002, 1.5325655E+000, 1.2204693E+002, 1.4918667E+000
 1.1066680E+002, 5.5458539E+002, 5.7529560E-001, 5.1241099E+002, 1.1248451E+000, 4.5235964E+002, 1.4559037E+000, 3.8139316E+002, 1.6300336E+000, 3.1912245E+002, 1.6971597E+000, 2.6904061E+002, 1.7004708E+000, 2.3180991E+002, 1.6931880E+000, 2.0348201E+002, 1.6846667E+000, 1.8180374E+002, 1.6560768E+000, 1.6599655E+002, 1.5687848E+000, 1.5252360E+002, 1.4748298E+000, 1.4374968E+002, 1.4693308E+000, 1.3668792E+002, 1.4853994E+000, 1.2833832E+002, 1.4471874E+000, 1.1976127E+002, 1.3840258E+000, 1.1278495E+002, 1.3254340E+000, 1.0760206E+002, 1.2558761E+000
 1.1201271E+002, 6.1645506E+002, 5.5113424E-001, 5.8878239E+002, 1.2437074E+000, 5.3064084E+002, 1.6836686E+000, 4.6394293E+002, 1.9406356E+000, 4.0611812E+002, 2.0930043E+000, 3.5695948E+002, 2.1824165E+000, 3.1698413E+002, 2.2342932E+000, 2.8259070E+002, 2.2741322E+000, 2.5561759E+002, 2.2866764E+000, 2.3407159E+002, 2.2962983E+000, 2.1595798E+002, 2.3074424E+000, 2.0174249E+002, 2.2733938E+000, 1.8760568E+002, 2.2044828E+000, 1.7782290E+002, 2.1528861E+000, 1.7026960E+002, 2.1119791E+000, 1.6455912E+002, 2.0712793E+000, 1.5874036E+002, 2.0393249E+000
 1.1333540E+002, 6.4491353E+002, 5.1800596E-001, 6.1090468E+002, 1.2537366E+000, 5.4563661E+002, 1.7355915E+000, 4.7586369E+002, 2.0316958E+000, 4.2071383E+002, 2.2120779E+000, 3.7871098E+002, 2.3276739E+000, 3.4848486E+002, 2.4114048E+000, 3.1996837E+002, 2.4770179E+000, 2.9272930E+002, 2.5237496E+000, 2.6921142E+002, 2.5338555E+000, 2.4779130E+002, 2.5151662E+000, 2.2882476E+002, 2.4784302E+000, 2.1235253E+002, 2.4428751E+000, 1.9581419E+002, 2.3993577E+000, 1.8145846E+002, 2.3435262E+000, 1.7064302E+002, 2.2960212E+000, 1.6143448E+002, 2.2572470E+000
 1.1467240E+002, 5.7680040E+002, 6.2254047E-001, 5.5398303E+002, 1.1903201E+000, 5.0973178E+002, 1.6257612E+000, 4.6144942E+002, 1.9065538E+000, 4.0342922E+002, 2.0801399E+000, 3.4373055E+002, 2.1360012E+000, 2.9071769E+002, 2.1167672E+000, 2.5396382E+002, 2.0476303E+000, 2.2924264E+002, 1.9619523E+000, 2.1022744E+002, 1.8908990E+000, 1.9425399E+002, 1.8249010E+000, 1.8169475E+002, 1.7678612E+000, 1.7284098E+002, 1.7475488E+000, 1.6452380E+002, 1.7204159E+000, 1.5632935E+002, 1.6934219E+000, 1.4738572E+002, 1.6102247E+000, 1.3713601E+002, 1.4327276E+000
 1.1600951E+002, 5.8045171E+002, 5.9167806E-001, 5.1365179E+002, 1.1292172E+000, 4.2699835E+002, 1.4201796E+000, 3.4579527E+002, 1.5566979E+000, 2.8776198E+002, 1.5932976E+000, 2.4802227E+002, 1.6025975E+000, 2.1750043E+002, 1.5958523E+000, 1.9334625E+002, 1.5929142E+000, 1.8008234E+002, 1.6183187E+000, 1.7082673E+002, 1.6820363E+000, 1.6556118E+002, 1.7403517E+000, 1.6171309E+002, 1.7674900E+000, 1.5839740E+002, 1.7865431E+000, 1.5548636E+002, 1.8306564E+000, 1.5144399E+002, 1.8168770E+000, 1.4580548E+002, 1.7935431E+000, 1.4056498E+002, 1.7755261E+000
 1.1734290E+002, 6.0168257E+002, 5.5244084E-001, 5.8184974E+002, 1.2452962E+000, 5.3546215E+002, 1.7059707E+000, 4.7798115E+002, 1.9911515E+000, 4.1563978E+002, 2.1552723E+000, 3.6145090E+002, 2.2461219E+000, 3.2141038E+002, 2.3088906E+000, 2.8933358E+002, 2.3398541E+000, 2.6211685E+002, 2.3309773E+000, 2.4274801E+002, 2.3086761E+000, 2.2549831E+002, 2.2947933E+000, 2.0911536E+002, 2.2738197E+000, 1.9618178E+002, 2.2347624E+000, 1.8817463E+002, 2.2011808E+000, 1.8194152E+002, 2.2011707E+000, 1.7644213E+002, 2.2196070E+000, 1.6923593E+002, 2.2324094E+000
 1.1866778E+002, 6.3046783E+002, 5.4581269E-001, 6.1870308E+002, 1.2833617E+000, 5.8578462E+002, 1.7665074E+000, 5.3038920E+002, 2.0800744E+000, 4.7082055E+002, 2.2817731E+000, 4.1317414E+002, 2.3961395E+000, 3.5909161E+002, 2.4466835E+000, 3.1402294E+002, 2.4548007E+000, 2.7872272E+002, 2.4353962E+000, 2.4989526E+002, 2.3961139E+000, 2.2747725E+002, 2.3482485E+000, 2.1233314E+002, 2.2920214E+000, 1.9941689E+002, 2.2248820E+000, 1.8731499E+002, 2.1465146E+000, 1.7635573E+002, 2.0747091E+000, 1.6740418E+002, 2.0323196E+000, 1.6143751E+002, 2.0045028E+000
 1.2000000E+002, 6.3027879E+002, 5.4385741E-001, 6.1425974E+002, 1.2762937E+000, 5.7308886E+002, 1.7586881E+000, 5.1308060E+002, 2.0724753E+000, 4.5245633E+002, 2.2718096E+000, 4.0013804E+002, 2.3905322E+000, 3.5657102E+002, 2.4602024E+000, 3.2019367E+002, 2.4945007E+000, 2.8891734E+002, 2.5019400E+000, 2.6311015E+002, 2.4863330E+000, 2.3979890E+002, 2.4372477E+000, 2.1672314E+002, 2.3636694E+000, 1.9547765E+002, 2.2825586E+000, 1.7874373E+002, 2.1981340E+000, 1.6660895E+002, 2.1291213E+000, 1.6022813E+002, 2.0948558E+000, 1.5577213E+002, 2.0958108E+000
